username,profile_url,repos_url,avatar_url
mojombo,https://api.github.com/users/mojombo,https://api.github.com/users/mojombo/repos,https://avatars.githubusercontent.com/u/1?v=4
defunkt,https://api.github.com/users/defunkt,https://api.github.com/users/defunkt/repos,https://avatars.githubusercontent.com/u/2?v=4
pjhyett,https://api.github.com/users/pjhyett,https://api.github.com/users/pjhyett/repos,https://avatars.githubusercontent.com/u/3?v=4
wycats,https://api.github.com/users/wycats,https://api.github.com/users/wycats/repos,https://avatars.githubusercontent.com/u/4?v=4
ezmobius,https://api.github.com/users/ezmobius,https://api.github.com/users/ezmobius/repos,https://avatars.githubusercontent.com/u/5?v=4
ivey,https://api.github.com/users/ivey,https://api.github.com/users/ivey/repos,https://avatars.githubusercontent.com/u/6?v=4
evanphx,https://api.github.com/users/evanphx,https://api.github.com/users/evanphx/repos,https://avatars.githubusercontent.com/u/7?v=4
vanpelt,https://api.github.com/users/vanpelt,https://api.github.com/users/vanpelt/repos,https://avatars.githubusercontent.com/u/17?v=4
wayneeseguin,https://api.github.com/users/wayneeseguin,https://api.github.com/users/wayneeseguin/repos,https://avatars.githubusercontent.com/u/18?v=4
brynary,https://api.github.com/users/brynary,https://api.github.com/users/brynary/repos,https://avatars.githubusercontent.com/u/19?v=4
kevinclark,https://api.github.com/users/kevinclark,https://api.github.com/users/kevinclark/repos,https://avatars.githubusercontent.com/u/20?v=4
technoweenie,https://api.github.com/users/technoweenie,https://api.github.com/users/technoweenie/repos,https://avatars.githubusercontent.com/u/21?v=4
macournoyer,https://api.github.com/users/macournoyer,https://api.github.com/users/macournoyer/repos,https://avatars.githubusercontent.com/u/22?v=4
takeo,https://api.github.com/users/takeo,https://api.github.com/users/takeo/repos,https://avatars.githubusercontent.com/u/23?v=4
caged,https://api.github.com/users/caged,https://api.github.com/users/caged/repos,https://avatars.githubusercontent.com/u/25?v=4
topfunky,https://api.github.com/users/topfunky,https://api.github.com/users/topfunky/repos,https://avatars.githubusercontent.com/u/26?v=4
anotherjesse,https://api.github.com/users/anotherjesse,https://api.github.com/users/anotherjesse/repos,https://avatars.githubusercontent.com/u/27?v=4
roland,https://api.github.com/users/roland,https://api.github.com/users/roland/repos,https://avatars.githubusercontent.com/u/28?v=4
lukas,https://api.github.com/users/lukas,https://api.github.com/users/lukas/repos,https://avatars.githubusercontent.com/u/29?v=4
fanvsfan,https://api.github.com/users/fanvsfan,https://api.github.com/users/fanvsfan/repos,https://avatars.githubusercontent.com/u/30?v=4
tomtt,https://api.github.com/users/tomtt,https://api.github.com/users/tomtt/repos,https://avatars.githubusercontent.com/u/31?v=4
railsjitsu,https://api.github.com/users/railsjitsu,https://api.github.com/users/railsjitsu/repos,https://avatars.githubusercontent.com/u/32?v=4
nitay,https://api.github.com/users/nitay,https://api.github.com/users/nitay/repos,https://avatars.githubusercontent.com/u/34?v=4
kevwil,https://api.github.com/users/kevwil,https://api.github.com/users/kevwil/repos,https://avatars.githubusercontent.com/u/35?v=4
KirinDave,https://api.github.com/users/KirinDave,https://api.github.com/users/KirinDave/repos,https://avatars.githubusercontent.com/u/36?v=4
jamesgolick,https://api.github.com/users/jamesgolick,https://api.github.com/users/jamesgolick/repos,https://avatars.githubusercontent.com/u/37?v=4
atmos,https://api.github.com/users/atmos,https://api.github.com/users/atmos/repos,https://avatars.githubusercontent.com/u/38?v=4
errfree,https://api.github.com/users/errfree,https://api.github.com/users/errfree/repos,https://avatars.githubusercontent.com/u/44?v=4
mojodna,https://api.github.com/users/mojodna,https://api.github.com/users/mojodna/repos,https://avatars.githubusercontent.com/u/45?v=4
bmizerany,https://api.github.com/users/bmizerany,https://api.github.com/users/bmizerany/repos,https://avatars.githubusercontent.com/u/46?v=4
